Nombre de la Universidad;Rama de estudios;Nombre de la titulación;Nota de corte ordinaria del grupo 1
Universidad Autónoma de Madrid;Artes y Humanidades;Arqueología;5,000
Universidad Autónoma de Madrid;Artes y Humanidades;Estudios Clásicos y de la Antigüedad;5,000
Universidad Autónoma de Madrid;Artes y Humanidades;Estudios Hispánicos: Lengua Española y sus Literaturas;5,000
Universidad Autónoma de Madrid;Artes y Humanidades;Estudios Ingleses;5,000
Universidad Autónoma de Madrid;Artes y Humanidades;Estudios de Asia y África (Chino);5,000
Universidad Autónoma de Madrid;Artes y Humanidades;Estudios de Asia y África (Japonés);5,000
Universidad Autónoma de Madrid;Artes y Humanidades;Estudios de Asia y África (Árabe);5,000
Universidad Autónoma de Madrid;Artes y Humanidades;Filosofía;5,000
Universidad Autónoma de Madrid;Artes y Humanidades;Historia;5,000
Universidad Autónoma de Madrid;Artes y Humanidades;Historia del Arte;5,000
Universidad Autónoma de Madrid;Artes y Humanidades;Historia y Ciencias de la Música y Tecnología Musical;5,000
Universidad Autónoma de Madrid;Artes y Humanidades;Lenguas Modernas, Cultura y Comunicación-Español;5,000
Universidad Autónoma de Madrid;Artes y Humanidades;Lenguas Modernas, Cultura y Comunicación-Francés;5,000
Universidad Autónoma de Madrid;Artes y Humanidades;Lenguas Modernas, Cultura y Comunicación-Inglés;5,000
Universidad Autónoma de Madrid;Artes y Humanidades;Traducción e Interpretación (Francés);5,000
Universidad Autónoma de Madrid;Artes y Humanidades;Traducción e Interpretación (Inglés);6,700
Universidad Autónoma de Madrid;Centros adscritos;Diseño y Gestión de Proyectos Transmedia;5,000
Universidad Autónoma de Madrid;Centros adscritos;Educación Social;5,000
Universidad Autónoma de Madrid;Centros adscritos;Enfermería;10,816
Universidad Autónoma de Madrid;Centros adscritos;Enfermería;10,486
Universidad Autónoma de Madrid;Centros adscritos;Enfermería (Campus Villalba);10,430
Universidad Autónoma de Madrid;Centros adscritos;Fisioterapia;5,000
Universidad Autónoma de Madrid;Centros adscritos;Maestro en Educación Infantil;5,000
Universidad Autónoma de Madrid;Centros adscritos;Maestro en Educación Primaria;5,000
Universidad Autónoma de Madrid;Centros adscritos;Podología;7,203
Universidad Autónoma de Madrid;Centros adscritos;Terapia Ocupacional;5,000
Universidad Autónoma de Madrid;Centros adscritos;Trabajo Social;5,000
Universidad Autónoma de Madrid;Ciencias;Biología;9,714
Universidad Autónoma de Madrid;Ciencias;Bioquímica;12,067
Universidad Autónoma de Madrid;Ciencias;Ciencia y Tecnología de los Alimentos;8,528
Universidad Autónoma de Madrid;Ciencias;Ciencias Ambientales;7,686
Universidad Autónoma de Madrid;Ciencias;Física;12,014
Universidad Autónoma de Madrid;Ciencias;Matemáticas;11,937
Universidad Autónoma de Madrid;Ciencias;Química;9,986
Universidad Autónoma de Madrid;Ciencias;Química (grupo bilingüe: español/inglés);9,102
Universidad Autónoma de Madrid;Ciencias Sociales y Jurídicas;Administración y Dirección de Empresas;10,203
Universidad Autónoma de Madrid;Ciencias Sociales y Jurídicas;Antropología Social y Cultural;5,000
Universidad Autónoma de Madrid;Ciencias Sociales y Jurídicas;Análisis de Datos en la Empresa / Business Analytics;11,232
Universidad Autónoma de Madrid;Ciencias Sociales y Jurídicas;Ciencia Política y Administración Pública;8,886
Universidad Autónoma de Madrid;Ciencias Sociales y Jurídicas;Ciencia Política y Administración Pública - Mención en Gobierno y dirección pública;8,971
Universidad Autónoma de Madrid;Ciencias Sociales y Jurídicas;Ciencia Política y Administración Pública - Mención en Relaciones internacionales y Unión Europea;11,599
Universidad Autónoma de Madrid;Ciencias Sociales y Jurídicas;Ciencias de la Actividad Física y del Deporte;10,560
Universidad Autónoma de Madrid;Ciencias Sociales y Jurídicas;Derecho;9,837
Universidad Autónoma de Madrid;Ciencias Sociales y Jurídicas;Derecho - Mención en Derecho de la energía y del medio ambiente;9,214
Universidad Autónoma de Madrid;Ciencias Sociales y Jurídicas;Derecho - Mención en Derecho de los negocios internacionales;11,575
Universidad Autónoma de Madrid;Ciencias Sociales y Jurídicas;Derecho - Mención en Derecho digital y de las tecnologías;10,958
Universidad Autónoma de Madrid;Ciencias Sociales y Jurídicas;Derecho - Mención en Derechos humanos y justicia social;10,853
Universidad Autónoma de Madrid;Ciencias Sociales y Jurídicas;Economía;9,603
Universidad Autónoma de Madrid;Ciencias Sociales y Jurídicas;Economía (Grupo bilingüe: español/inglés);9,190
Universidad Autónoma de Madrid;Ciencias Sociales y Jurídicas;Economía y Finanzas / Economics and Finance;10,905
Universidad Autónoma de Madrid;Ciencias Sociales y Jurídicas;Estudios Internacionales;10,853
Universidad Autónoma de Madrid;Ciencias Sociales y Jurídicas;Geografía, Geotecnologías y Sostenibilidad Territorial;5,000
Universidad Autónoma de Madrid;Ciencias Sociales y Jurídicas;Gestión Aeronáutica;10,715
Universidad Autónoma de Madrid;Ciencias Sociales y Jurídicas;Maestro en Educación Infantil;8,911
Universidad Autónoma de Madrid;Ciencias Sociales y Jurídicas;Maestro en Educación Primaria;9,939
Universidad Autónoma de Madrid;Ciencias Sociales y Jurídicas;Turismo;5,000
Universidad Autónoma de Madrid;Ciencias de la Salud;Enfermería (Facultad Medicina UAM);11,714
Universidad Autónoma de Madrid;Ciencias de la Salud;Medicina;12,978
Universidad Autónoma de Madrid;Ciencias de la Salud;Nutrición Humana y Dietética;10,003
Universidad Autónoma de Madrid;Ciencias de la Salud;Psicología;10,426
Universidad Autónoma de Madrid;Dobles Grados;Ciencias Ambientales - Geografía, Geotecnologías y Sostenibilidad Territorial;6,580
Universidad Autónoma de Madrid;Dobles Grados;Derecho - Administración y Dirección de Empresas;10,928
Universidad Autónoma de Madrid;Dobles Grados;Derecho - Ciencia Política y Administración Pública;8,911
Universidad Autónoma de Madrid;Dobles Grados;Estudios Internacionales - Estudios de Asia y África (árabe);10,336
Universidad Autónoma de Madrid;Dobles Grados;Filosofía - Historia;12,264
Universidad Autónoma de Madrid;Dobles Grados;Filosofía - Historia y CC. de la Música y Tecnología Musical;5,000
Universidad Autónoma de Madrid;Dobles Grados;Historia - Estudios Internacionales;12,964
Universidad Autónoma de Madrid;Dobles Grados;Historia del Arte - Estudios Clásicos y de la Antigüedad;5,000
Universidad Autónoma de Madrid;Dobles Grados;Historia del Arte - Historia;12,513
Universidad Autónoma de Madrid;Dobles Grados;Ingeniería Informática - Matemáticas;13,136
Universidad Autónoma de Madrid;Dobles Grados;Maestro en Educación Infantil - Maestro en Educación Primaria;10,278
Universidad Autónoma de Madrid;Dobles Grados;Nutrición Humana y Dietética - Ciencia y Tecnología de los Alimentos;10,870
Universidad Autónoma de Madrid;Dobles Grados;Traducción e Interpretación (Francés) - Lenguas Modernas, Cultura y Comunicación (Francés);5,790
Universidad Autónoma de Madrid;Grados conjuntos;Ciencia, Tecnología y Humanidades (UAB, UAM y UC3M);5,000
Universidad Autónoma de Madrid;Grados conjuntos;Ciencias (UAB, UAM y UC3M);7,700
Universidad Autónoma de Madrid;Grados conjuntos;Filosofia, Política y Economía (UAB, UAM, UC3M y UPF);11,820
Universidad Autónoma de Madrid;Ingeniería y Arquitectura;Ciencia e Ingeniería de Datos;11,311
Universidad Autónoma de Madrid;Ingeniería y Arquitectura;Ingeniería Biomédica;12,500
Universidad Autónoma de Madrid;Ingeniería y Arquitectura;Ingeniería Informática;10,715
Universidad Autónoma de Madrid;Ingeniería y Arquitectura;Ingeniería Química;10,528
Universidad Autónoma de Madrid;Ingeniería y Arquitectura;Ingeniería de Tecnologías de Telecomunicación;9,560
Universidad Autónoma de Madrid;Ingeniería y Arquitectura;PARS-IA en Master en Ingeniería informática vía Grado en Ingeniería Informática;11,711
Universidad Autónoma de Madrid;Ingeniería y Arquitectura;PARS-IA en Máster en Ingeniería de Telecomunicación vía grado en Ingeniería de Tecnologías de Telecomunicación;10,667
Universidad Carlos III de Madrid;Artes y Humanidades;Estudios Culturales (bilingüe);5,000
Universidad Carlos III de Madrid;Artes y Humanidades;Humanidades digitales;5,000
Universidad Carlos III de Madrid;Ciencias;Neurociencia (en inglés);13,100
Universidad Carlos III de Madrid;Ciencias Sociales y Jurídicas;Administración de Empresas (Colmenarejo);10,970
Universidad Carlos III de Madrid;Ciencias Sociales y Jurídicas;Administración de Empresas (español o inglés);11,516
Universidad Carlos III de Madrid;Ciencias Sociales y Jurídicas;Análisis de datos para la Empresa;11,567
Universidad Carlos III de Madrid;Ciencias Sociales y Jurídicas;Ciencias Políticas (español o bilingüe);9,542
Universidad Carlos III de Madrid;Ciencias Sociales y Jurídicas;Comunicación Audiovisual (español o bilingüe);10,109
Universidad Carlos III de Madrid;Ciencias Sociales y Jurídicas;Derecho;11,561
Universidad Carlos III de Madrid;Ciencias Sociales y Jurídicas;Derecho (Colmenarejo);10,665
Universidad Carlos III de Madrid;Ciencias Sociales y Jurídicas;Economía (español o inglés);11,263
Universidad Carlos III de Madrid;Ciencias Sociales y Jurídicas;Empresa y Tecnología (en inglés);12,213
Universidad Carlos III de Madrid;Ciencias Sociales y Jurídicas;Estudios Internacionales (en inglés);12,063
Universidad Carlos III de Madrid;Ciencias Sociales y Jurídicas;Finanzas y Contabilidad (español o inglés);11,043
Universidad Carlos III de Madrid;Ciencias Sociales y Jurídicas;Gestión de la Informacion y Contenidos Digitales;9,836
Universidad Carlos III de Madrid;Ciencias Sociales y Jurídicas;Historia y Política (bilingüe);8,314
Universidad Carlos III de Madrid;Ciencias Sociales y Jurídicas;Periodismo (español o bilingüe);8,903
Universidad Carlos III de Madrid;Ciencias Sociales y Jurídicas;Relaciones Laborales y Empleo;7,503
Universidad Carlos III de Madrid;Ciencias Sociales y Jurídicas;Sociología (español o bilingüe);7,294
Universidad Carlos III de Madrid;Ciencias Sociales y Jurídicas;Sostenibilidad Urbana (Grado de la Alianza Europea YUFE);9,920
Universidad Carlos III de Madrid;Ciencias Sociales y Jurídicas;Turismo;6,836
Universidad Carlos III de Madrid;Dobles Grados;Ciencia e Ingeniería de Datos e Ingeniería en Tecnologías de Telecomunicación (bilingüe);12,124
Universidad Carlos III de Madrid;Dobles Grados;Ciencias Políticas y Sociología;9,041
Universidad Carlos III de Madrid;Dobles Grados;Derecho y Administración de Empresas (Colmenarejo);11,250
Universidad Carlos III de Madrid;Dobles Grados;Derecho y Administración de Empresas (español o bilingüe);12,600
Universidad Carlos III de Madrid;Dobles Grados;Derecho y Ciencias Políticas;11,178
Universidad Carlos III de Madrid;Dobles Grados;Derecho y Economía (español o bilingüe);12,239
Universidad Carlos III de Madrid;Dobles Grados;Estudios Internacionales y Administración de Empresas (en inglés);13,119
Universidad Carlos III de Madrid;Dobles Grados;Estudios Internacionales y Ciencias Políticas (bilingüe);12,475
Universidad Carlos III de Madrid;Dobles Grados;Estudios Internacionales y Derecho (bilingue);13,175
Universidad Carlos III de Madrid;Dobles Grados;Estudios Internacionales y Economía (en inglés);12,830
Universidad Carlos III de Madrid;Dobles Grados;Ingeniería Física e Ingeniería en Tecnologías Industriales (bilingüe);13,464
Universidad Carlos III de Madrid;Dobles Grados;Ingeniería Informática y Administración de Empresas (Colmenarejo);11,386
Universidad Carlos III de Madrid;Dobles Grados;Ingeniería Informática y Administración de Empresas (Leganes-Getafe);12,053
Universidad Carlos III de Madrid;Dobles Grados;Periodismo y Comunicación Audiovisual (español o bilingüe);10,939
Universidad Carlos III de Madrid;Dobles Grados;Periodismo y Humanidades;7,816
Universidad Carlos III de Madrid;Grados conjuntos;Ciencia, Tecnología y Humanidades (UAB, UAM y UC3M);5,000
Universidad Carlos III de Madrid;Grados conjuntos;Ciencias (UAB, UAM y UC3M);8,661
Universidad Carlos III de Madrid;Grados conjuntos;Filosofía, Política y Economía (bilingüe) (UAB, UAM, UC3M y UPF);12,104
Universidad Carlos III de Madrid;Ingeniería y Arquitectura;Ciencia e Ingeniería de Datos (en inglés);11,556
Universidad Carlos III de Madrid;Ingeniería y Arquitectura;Ingeniería Aeroespacial (en inglés);13,300
Universidad Carlos III de Madrid;Ingeniería y Arquitectura;Ingeniería Biomédica (en inglés);12,843
Universidad Carlos III de Madrid;Ingeniería y Arquitectura;Ingeniería Electrónica Industrial y Automática (español o bilingüe);10,636
Universidad Carlos III de Madrid;Ingeniería y Arquitectura;Ingeniería Eléctrica (español o bilingüe);10,967
Universidad Carlos III de Madrid;Ingeniería y Arquitectura;Ingeniería Física (en inglés);13,225
Universidad Carlos III de Madrid;Ingeniería y Arquitectura;Ingeniería Informática (Colmenarejo);10,364
Universidad Carlos III de Madrid;Ingeniería y Arquitectura;Ingeniería Informática (español, bilingüe o inglés);10,978
Universidad Carlos III de Madrid;Ingeniería y Arquitectura;Ingeniería Mecánica (español o bilingüe);11,664
Universidad Carlos III de Madrid;Ingeniería y Arquitectura;Ingeniería Robótica (en inglés);11,489
Universidad Carlos III de Madrid;Ingeniería y Arquitectura;Ingeniería de Comunicaciones Móviles y Espaciales (español o bilingüe);10,253
Universidad Carlos III de Madrid;Ingeniería y Arquitectura;Ingeniería de Internet;9,764
Universidad Carlos III de Madrid;Ingeniería y Arquitectura;Ingeniería de Sonido e Imagen (español o bilingüe);10,115
Universidad Carlos III de Madrid;Ingeniería y Arquitectura;Ingeniería de la Energía (en inglés);11,175
Universidad Carlos III de Madrid;Ingeniería y Arquitectura;Ingeniería en Tecnologías Industriales (español o bilingüe);11,966
Universidad Carlos III de Madrid;Ingeniería y Arquitectura;Ingeniería en Tecnologías de Telecomunicación (español o bilingüe);10,713
Universidad Carlos III de Madrid;Ingeniería y Arquitectura;Inteligencia Artificial;11,775
Universidad Carlos III de Madrid;Ingeniería y Arquitectura;Inteligencia Artificial (Colmenarejo);10,448
Universidad Carlos III de Madrid;Ingeniería y Arquitectura;Matemática Aplicada;12,024
Universidad Carlos III de Madrid;Ingeniería y Arquitectura;Matemáticas y Computación (en inglés);12,224
Universidad Carlos III de Madrid;Ingeniería y Arquitectura;Programa Académico de Ingeniería Industrial vía Grado en Ing. en Tecnologías Industriales (bilingüe-español);13,414
Universidad Carlos III de Madrid;Ingeniería y Arquitectura;Programa Académico de Ingeniería Informática vía Grado en Ing. Informática (bilingüe);12,825
Universidad Carlos III de Madrid;Ingeniería y Arquitectura;Programa Académico de Ingeniería de Telecomunicación vía Grado en Ing. en Tecnologías de Telecomunicación (bilingüe);12,889
Universidad Complutense de Madrid;Artes y Humanidades;Arqueología;5,000
Universidad Complutense de Madrid;Artes y Humanidades;Bellas Artes;9,936
Universidad Complutense de Madrid;Artes y Humanidades;Ciencias de las Religiones;5,000
Universidad Complutense de Madrid;Artes y Humanidades;Conservación y Restauración del Patrimonio Cultural;9,600
Universidad Complutense de Madrid;Artes y Humanidades;Diseño;11,650
Universidad Complutense de Madrid;Artes y Humanidades;Español: Lengua y Literatura;5,000
Universidad Complutense de Madrid;Artes y Humanidades;Estudios Ingleses;5,000
Universidad Complutense de Madrid;Artes y Humanidades;Estudios Semíticos e Islámicos;5,000
Universidad Complutense de Madrid;Artes y Humanidades;Estudios Teatrales;5,378
Universidad Complutense de Madrid;Artes y Humanidades;Filología Clásica;5,000
Universidad Complutense de Madrid;Artes y Humanidades;Filosofía;5,940
Universidad Complutense de Madrid;Artes y Humanidades;Filosofía, Política y Economía;8,384
Universidad Complutense de Madrid;Artes y Humanidades;Historia;5,000
Universidad Complutense de Madrid;Artes y Humanidades;Historia del Arte;5,000
Universidad Complutense de Madrid;Artes y Humanidades;Lenguas Modernas y sus Literaturas;5,000
Universidad Complutense de Madrid;Artes y Humanidades;Lingüística y Lenguas Aplicadas;5,000
Universidad Complutense de Madrid;Artes y Humanidades;Literatura General y Comparada;5,000
Universidad Complutense de Madrid;Artes y Humanidades;Musicología;5,000
Universidad Complutense de Madrid;Artes y Humanidades;Traducción e Interpretación;5,000
Universidad Complutense de Madrid;Centros adscritos;Administración y Dirección de Empresas;5,000
Universidad Complutense de Madrid;Centros adscritos;Derecho;5,000
Universidad Complutense de Madrid;Centros adscritos;Derecho - ADE;5,000
Universidad Complutense de Madrid;Centros adscritos;Educación Social;5,000
Universidad Complutense de Madrid;Centros adscritos;Maestro de Educación Infantil;5,000
Universidad Complutense de Madrid;Centros adscritos;Maestro de Educación Infantil - Maestro de Educación Primaria;5,000
Universidad Complutense de Madrid;Centros adscritos;Maestro de Educación Primaria;5,000
Universidad Complutense de Madrid;Centros adscritos;Maestro de Educación Primaria - Pedagogía;5,000
Universidad Complutense de Madrid;Centros adscritos;Pedagogía;5,000
Universidad Complutense de Madrid;Centros adscritos;Psicología;5,000
Universidad Complutense de Madrid;Ciencias;Biología;9,936
Universidad Complutense de Madrid;Ciencias;Bioquímica;12,262
Universidad Complutense de Madrid;Ciencias;Ciencia y Tecnología de los Alimentos;8,560
Universidad Complutense de Madrid;Ciencias;Física;11,811
Universidad Complutense de Madrid;Ciencias;Geología;5,000
Universidad Complutense de Madrid;Ciencias;Matemáticas;12,250
Universidad Complutense de Madrid;Ciencias;Matemáticas y Ciencia de Datos;11,964
Universidad Complutense de Madrid;Ciencias;Química;10,111
Universidad Complutense de Madrid;Ciencias Sociales y Jurídicas;Administración y Dirección de Empresas;9,564
Universidad Complutense de Madrid;Ciencias Sociales y Jurídicas;Administración y Dirección de Empresas (en inglés);10,714
Universidad Complutense de Madrid;Ciencias Sociales y Jurídicas;Antropología Social y Cultural;5,000
Universidad Complutense de Madrid;Ciencias Sociales y Jurídicas;Ciencia de los Datos Aplicada;10,937
Universidad Complutense de Madrid;Ciencias Sociales y Jurídicas;Ciencias Políticas;5,778
Universidad Complutense de Madrid;Ciencias Sociales y Jurídicas;Comercio;8,150
Universidad Complutense de Madrid;Ciencias Sociales y Jurídicas;Comunicación Audiovisual;9,544
Universidad Complutense de Madrid;Ciencias Sociales y Jurídicas;Criminología;11,233
Universidad Complutense de Madrid;Ciencias Sociales y Jurídicas;Derecho;8,439
Universidad Complutense de Madrid;Ciencias Sociales y Jurídicas;Economía;8,800
Universidad Complutense de Madrid;Ciencias Sociales y Jurídicas;Economía (en inglés);9,545
Universidad Complutense de Madrid;Ciencias Sociales y Jurídicas;Educación Social;8,500
Universidad Complutense de Madrid;Ciencias Sociales y Jurídicas;Estadística Aplicada;8,878
Universidad Complutense de Madrid;Ciencias Sociales y Jurídicas;Finanzas, Banca y Seguros;9,420
Universidad Complutense de Madrid;Ciencias Sociales y Jurídicas;Geografía y Ordenación del Territorio;5,000
Universidad Complutense de Madrid;Ciencias Sociales y Jurídicas;Gestión y Administración Pública;5,228
Universidad Complutense de Madrid;Ciencias Sociales y Jurídicas;Información y Documentación;5,000
Universidad Complutense de Madrid;Ciencias Sociales y Jurídicas;Maestro de Educación Infantil;9,050
Universidad Complutense de Madrid;Ciencias Sociales y Jurídicas;Maestro de Educación Primaria;10,262
Universidad Complutense de Madrid;Ciencias Sociales y Jurídicas;Pedagogía;8,600
Universidad Complutense de Madrid;Ciencias Sociales y Jurídicas;Periodismo;6,575
Universidad Complutense de Madrid;Ciencias Sociales y Jurídicas;Publicidad y Relaciones Públicas;10,364
Universidad Complutense de Madrid;Ciencias Sociales y Jurídicas;Relaciones Internacionales;11,185
Universidad Complutense de Madrid;Ciencias Sociales y Jurídicas;Relaciones Laborales y Recursos Humanos;7,350
Universidad Complutense de Madrid;Ciencias Sociales y Jurídicas;Sociología;5,000
Universidad Complutense de Madrid;Ciencias Sociales y Jurídicas;Trabajo Social;7,140
Universidad Complutense de Madrid;Ciencias Sociales y Jurídicas;Turismo;5,000
Universidad Complutense de Madrid;Ciencias de la Salud;Enfermería;11,603
Universidad Complutense de Madrid;Ciencias de la Salud;Farmacia;11,641
Universidad Complutense de Madrid;Ciencias de la Salud;Fisioterapia;11,463
Universidad Complutense de Madrid;Ciencias de la Salud;Logopedia;9,200
Universidad Complutense de Madrid;Ciencias de la Salud;Medicina;13,100
Universidad Complutense de Madrid;Ciencias de la Salud;Nutrición Humana y Dietética;10,100
Universidad Complutense de Madrid;Ciencias de la Salud;Odontología;12,652
Universidad Complutense de Madrid;Ciencias de la Salud;Podología;9,453
Universidad Complutense de Madrid;Ciencias de la Salud;Psicología;10,525
Universidad Complutense de Madrid;Ciencias de la Salud;Terapia Ocupacional;9,089
Universidad Complutense de Madrid;Ciencias de la Salud;Veterinaria;11,814
Universidad Complutense de Madrid;Ciencias de la Salud;Óptica y Optometría;7,863
Universidad Complutense de Madrid;Dobles Grados;ADE - Ingeniería Informática;11,316
Universidad Complutense de Madrid;Dobles Grados;Ciencias Políticas - Filosofía;5,089
Universidad Complutense de Madrid;Dobles Grados;Derecho - ADE;10,177
Universidad Complutense de Madrid;Dobles Grados;Derecho - Ciencias Políticas;10,150
Universidad Complutense de Madrid;Dobles Grados;Derecho - Estudios Jurídico Militares;8,875
Universidad Complutense de Madrid;Dobles Grados;Derecho - Filosofía;8,428
Universidad Complutense de Madrid;Dobles Grados;Derecho - Relaciones Laborales y Recursos Humanos;8,114
Universidad Complutense de Madrid;Dobles Grados;Economía - Matemáticas y Ciencia de Datos;12,716
Universidad Complutense de Madrid;Dobles Grados;Economía - Relaciones Internacionales;12,315
Universidad Complutense de Madrid;Dobles Grados;Farmacia - Nutrición Humana y Dietética;12,328
Universidad Complutense de Madrid;Dobles Grados;Gestión y Administración Pública - Economía;8,375
Universidad Complutense de Madrid;Dobles Grados;Historia - Filología Clásica;8,810
Universidad Complutense de Madrid;Dobles Grados;Ingeniería Informática - Matemáticas;13,465
Universidad Complutense de Madrid;Dobles Grados;Maestro de Ed. Infantil - Maestro de Ed. Primaria;11,199
Universidad Complutense de Madrid;Dobles Grados;Maestro de Educación Infantil - Pedagogía;10,275
Universidad Complutense de Madrid;Dobles Grados;Maestro de Educación Primaria - Pedagogía;11,462
Universidad Complutense de Madrid;Dobles Grados;Matemáticas - Física;13,698
Universidad Complutense de Madrid;Dobles Grados;Psicología - Logopedia;10,525
Universidad Complutense de Madrid;Dobles Grados;Química - Bioquímica;12,617
Universidad Complutense de Madrid;Dobles Grados;Sociología - Relaciones Internacionales;10,514
Universidad Complutense de Madrid;Dobles Grados;Turismo - Comercio;7,211
Universidad Complutense de Madrid;Grados Interuniversitarios;Bachelor of Arts in European Studies;5,000
Universidad Complutense de Madrid;Grados Interuniversitarios;Titulación Internacional en ADE (UCM-HWR Berlín);11,948
Universidad Complutense de Madrid;Grados Interuniversitarios;Titulación Internacional en Derecho (UCM-Sorbona);11,449
Universidad Complutense de Madrid;Grados Interuniversitarios;Titulación Internacional en Economía (UCM-Sorbona);12,062
Universidad Complutense de Madrid;Ingeniería y Arquitectura;Desarrollo de Videojuegos;9,689
Universidad Complutense de Madrid;Ingeniería y Arquitectura;Ingeniería Electrónica de Comunicaciones;8,653
Universidad Complutense de Madrid;Ingeniería y Arquitectura;Ingeniería Geológica;5,361
Universidad Complutense de Madrid;Ingeniería y Arquitectura;Ingeniería Informática;10,761
Universidad Complutense de Madrid;Ingeniería y Arquitectura;Ingeniería Matemática;12,625
Universidad Complutense de Madrid;Ingeniería y Arquitectura;Ingeniería Química;11,033
Universidad Complutense de Madrid;Ingeniería y Arquitectura;Ingeniería de Computadores;9,480
Universidad Complutense de Madrid;Ingeniería y Arquitectura;Ingeniería de Datos e Inteligencia Artificial;12,775
Universidad Complutense de Madrid;Ingeniería y Arquitectura;Ingeniería de Materiales;9,203
Universidad Complutense de Madrid;Ingeniería y Arquitectura;Ingeniería del Software;10,150
Universidad Politécnica de Madrid;Centros adscritos;Diseño de Moda;5,000
Universidad Politécnica de Madrid;Ciencias;Ciencias Agrarias y Bioeconomía;6,851
Universidad Politécnica de Madrid;Ciencias;Matemáticas;12,058
Universidad Politécnica de Madrid;Ciencias Sociales y Jurídicas;Ciencias de la Actividad Física y del Deporte (INEF);8,925
Universidad Politécnica de Madrid;Dobles Grados;Edificación - Administración y Dirección de Empresas;8,115
Universidad Politécnica de Madrid;Dobles Grados;Ingeniería Civil y Territorial - Administración y Dirección de Empresas;10,741
Universidad Politécnica de Madrid;Dobles Grados;Ingeniería Electrónica de Comunicaciones - Ingeniería Telemática;8,214
Universidad Politécnica de Madrid;Dobles Grados;Ingeniería Eléctrica - Ingeniería Electrónica Industrial y Automática;11,361
Universidad Politécnica de Madrid;Dobles Grados;Ingeniería Geomática e Ingeniería de las Tecnologías de la Información Geoespacial (Campus Sur);7,177
Universidad Politécnica de Madrid;Dobles Grados;Ingeniería Informática - Administración y Dirección de Empresas;11,589
Universidad Politécnica de Madrid;Dobles Grados;Ingeniería en Diseño Industrial y Desarrollo de Producto - Ingeniería Mecánica;12,878
Universidad Politécnica de Madrid;Dobles Grados;Ingeniería y Sistemas de Datos e Ingeniería Telemática (Campus Sur);8,828
Universidad Politécnica de Madrid;Grados conjuntos;Diseño de Moda (UPM) y Comercio (UCM);5,000
Universidad Politécnica de Madrid;Ingeniería y Arquitectura;Arquitecto/a (PARS);13,089
Universidad Politécnica de Madrid;Ingeniería y Arquitectura;Arquitectura Naval / Ingeniería Marítima;10,467
Universidad Politécnica de Madrid;Ingeniería y Arquitectura;Biotecnología;12,728
Universidad Politécnica de Madrid;Ingeniería y Arquitectura;Ciencia de Datos e Inteligencia Artificial (Campus Sur);12,139
Universidad Politécnica de Madrid;Ingeniería y Arquitectura;Ciencia de Datos e Inteligencia Artificial (Campus de Montegancedo);11,899
Universidad Politécnica de Madrid;Ingeniería y Arquitectura;Edificación;7,637
Universidad Politécnica de Madrid;Ingeniería y Arquitectura;Fundamentos de la Arquitectura;11,091
Universidad Politécnica de Madrid;Ingeniería y Arquitectura;Gestión y Operaciones del Transporte Aéreo;11,478
Universidad Politécnica de Madrid;Ingeniería y Arquitectura;Ingeniero/a Aeronáutico/a (PARS);13,411
Universidad Politécnica de Madrid;Ingeniería y Arquitectura;Ingeniero/a Agrónomo/a (PARS);10,814
Universidad Politécnica de Madrid;Ingeniería y Arquitectura;Ingeniero/a Biomédico/a (PARS);13,150
Universidad Politécnica de Madrid;Ingeniería y Arquitectura;Ingeniero/a Industrial (PARS);13,525
Universidad Politécnica de Madrid;Ingeniería y Arquitectura;Ingeniero/a Informática (PARS);11,425
Universidad Politécnica de Madrid;Ingeniería y Arquitectura;Ingeniero/a Naval y Oceánica (PARS);11,978
Universidad Politécnica de Madrid;Ingeniería y Arquitectura;Ingeniero/a Sistemas Informáticos Distribuidos y Embebidos (PARS);8,728
Universidad Politécnica de Madrid;Ingeniería y Arquitectura;Ingeniero/a de Caminos, Canales y Puertos (PARS);11,961
Universidad Politécnica de Madrid;Ingeniería y Arquitectura;Ingeniero/a de Materiales (PARS);10,728
Universidad Politécnica de Madrid;Ingeniería y Arquitectura;Ingeniero/a de Minas (PARS);10,388
Universidad Politécnica de Madrid;Ingeniería y Arquitectura;Ingeniero/a de Montes (PARS);8,739
Universidad Politécnica de Madrid;Ingeniería y Arquitectura;Ingeniero/a de Telecomunicación (PARS);11,686
Universidad Politécnica de Madrid;Ingeniería y Arquitectura;Ingeniero/a del Software (PARS);11,533
Universidad Politécnica de Madrid;Ingeniería y Arquitectura;Ingeniería Aeroespacial;12,484
Universidad Politécnica de Madrid;Ingeniería y Arquitectura;Ingeniería Agroambiental;5,750
Universidad Politécnica de Madrid;Ingeniería y Arquitectura;Ingeniería Agrícola;8,173
Universidad Politécnica de Madrid;Ingeniería y Arquitectura;Ingeniería Alimentaria;7,015
Universidad Politécnica de Madrid;Ingeniería y Arquitectura;Ingeniería Biomédica;12,553
Universidad Politécnica de Madrid;Ingeniería y Arquitectura;Ingeniería Civil y Territorial (Moncloa);10,053
Universidad Politécnica de Madrid;Ingeniería y Arquitectura;Ingeniería Civil y Territorial (Retiro);9,675
Universidad Politécnica de Madrid;Ingeniería y Arquitectura;Ingeniería Electrónica Industrial y Automática;10,670
Universidad Politécnica de Madrid;Ingeniería y Arquitectura;Ingeniería Electrónica de Comunicaciones;8,361
Universidad Politécnica de Madrid;Ingeniería y Arquitectura;Ingeniería Eléctrica;10,450
Universidad Politécnica de Madrid;Ingeniería y Arquitectura;Ingeniería Forestal;5,404
Universidad Politécnica de Madrid;Ingeniería y Arquitectura;Ingeniería Geomática;6,686
Universidad Politécnica de Madrid;Ingeniería y Arquitectura;Ingeniería Informática;10,175
Universidad Politécnica de Madrid;Ingeniería y Arquitectura;Ingeniería Mecánica;11,867
Universidad Politécnica de Madrid;Ingeniería y Arquitectura;Ingeniería Química (Castellana);11,707
Universidad Politécnica de Madrid;Ingeniería y Arquitectura;Ingeniería Química (Embajadores);10,883
Universidad Politécnica de Madrid;Ingeniería y Arquitectura;Ingeniería Telemática;8,540
Universidad Politécnica de Madrid;Ingeniería y Arquitectura;Ingeniería de Computadores;9,311
Universidad Politécnica de Madrid;Ingeniería y Arquitectura;Ingeniería de Materiales;9,561
Universidad Politécnica de Madrid;Ingeniería y Arquitectura;Ingeniería de Organización;12,636
Universidad Politécnica de Madrid;Ingeniería y Arquitectura;Ingeniería de Sistemas de Telecomunicación;9,186
Universidad Politécnica de Madrid;Ingeniería y Arquitectura;Ingeniería de Sonido e Imagen;8,066
Universidad Politécnica de Madrid;Ingeniería y Arquitectura;Ingeniería de Tecnologías y Servicios de Telecomunicación;9,408
Universidad Politécnica de Madrid;Ingeniería y Arquitectura;Ingeniería de la Energía;11,039
Universidad Politécnica de Madrid;Ingeniería y Arquitectura;Ingeniería de las Tecnologías de la Información Geoespacial;7,310
Universidad Politécnica de Madrid;Ingeniería y Arquitectura;Ingeniería del Medio Natural;5,744
Universidad Politécnica de Madrid;Ingeniería y Arquitectura;Ingeniería del Software;10,036
Universidad Politécnica de Madrid;Ingeniería y Arquitectura;Ingeniería en Diseño Industrial y Desarrollo de Producto;12,461
Universidad Politécnica de Madrid;Ingeniería y Arquitectura;Ingeniería en Tecnología Minera / Ing. Geológica / Ing. Mineralúrgica y Metalúrgica de las Materias Primas / Ing. en Recursos Energéticos, Combustibles y Explosivos;8,390
Universidad Politécnica de Madrid;Ingeniería y Arquitectura;Ingeniería en Tecnologías Aeroespaciales;12,363
Universidad Politécnica de Madrid;Ingeniería y Arquitectura;Ingeniería en Tecnologías Ambientales;6,464
Universidad Politécnica de Madrid;Ingeniería y Arquitectura;Ingeniería en Tecnologías Industriales;12,114
Universidad Politécnica de Madrid;Ingeniería y Arquitectura;Ingeniería y Sistemas de datos (Campus Moncloa);11,128
Universidad Politécnica de Madrid;Ingeniería y Arquitectura;Matemáticas e Informática;11,507
Universidad Politécnica de Madrid;Ingeniería y Arquitectura;Sistemas de Información;9,080
Universidad Politécnica de Madrid;Ingeniería y Arquitectura;Tecnologías para la Sociedad de la Información;8,190
Universidad Rey Juan Carlos;Artes y Humanidades;Artes Visuales y Danza (Fuenlabrada);5,000
Universidad Rey Juan Carlos;Artes y Humanidades;Bellas Artes (Aranjuez);8,564
Universidad Rey Juan Carlos;Artes y Humanidades;Diseño Integral y Gestión de la Imagen (Aranjuez);9,846
Universidad Rey Juan Carlos;Artes y Humanidades;Diseño Integral y Gestión de la Imagen (Madrid);11,500
Universidad Rey Juan Carlos;Artes y Humanidades;Diseño y Gestión de Moda (Aranjuez);10,018
Universidad Rey Juan Carlos;Artes y Humanidades;Filosofía (Fuenlabrada);5,000
Universidad Rey Juan Carlos;Artes y Humanidades;Historia (Fuenlabrada);6,100
Universidad Rey Juan Carlos;Artes y Humanidades;Historia del Arte y Patrimonio Cultural (Aranjuez);5,000
Universidad Rey Juan Carlos;Artes y Humanidades;Lengua y Literatura Española (Fuenlabrada);5,000
Universidad Rey Juan Carlos;Artes y Humanidades;Paisajismo (Fuenlabrada);6,930
Universidad Rey Juan Carlos;Artes y Humanidades;Traducción e Interpretación (Aranjuez);5,000
Universidad Rey Juan Carlos;Artes y Humanidades;Traducción e Interpretación (Fuenlabrada);5,000
Universidad Rey Juan Carlos;Centros adscritos;Administración y Dirección de Empresas;5,000
Universidad Rey Juan Carlos;Centros adscritos;Administración y Dirección de Empresas (A distancia);5,000
Universidad Rey Juan Carlos;Centros adscritos;Administración y Dirección de Empresas - Derecho;5,000
Universidad Rey Juan Carlos;Centros adscritos;Artes Escénicas - Interpretación Audiovisual;5,000
Universidad Rey Juan Carlos;Centros adscritos;Artes Escénicas e Interpretación Audiovisual (inglés);5,000
Universidad Rey Juan Carlos;Centros adscritos;Bellas Artes;5,000
Universidad Rey Juan Carlos;Centros adscritos;Cinematografía;5,000
Universidad Rey Juan Carlos;Centros adscritos;Cinematografía (inglés);5,000
Universidad Rey Juan Carlos;Centros adscritos;Composición Musical;5,000
Universidad Rey Juan Carlos;Centros adscritos;Composición Musical (inglés);5,000
Universidad Rey Juan Carlos;Centros adscritos;Criminología;5,000
Universidad Rey Juan Carlos;Centros adscritos;Criminología - Derecho;5,000
Universidad Rey Juan Carlos;Centros adscritos;Derecho;5,000
Universidad Rey Juan Carlos;Centros adscritos;Derecho (Semipresencial);5,000
Universidad Rey Juan Carlos;Centros adscritos;Fotografía y Creación Audiovisual;5,000
Universidad Rey Juan Carlos;Centros adscritos;Marketing;5,000
Universidad Rey Juan Carlos;Centros adscritos;Protocolo, Organización de Eventos y Comunicación Corporativa;5,000
Universidad Rey Juan Carlos;Ciencias;Biología (Móstoles);9,950
Universidad Rey Juan Carlos;Ciencias;Ciencia y Tecnología de los Alimentos (Móstoles);8,149
Universidad Rey Juan Carlos;Ciencias;Ciencia y Tecnología del Agua;5,000
Universidad Rey Juan Carlos;Ciencias;Ciencias Ambientales (Móstoles);7,553
Universidad Rey Juan Carlos;Ciencias;Ciencias Experimentales (Móstoles);7,661
Universidad Rey Juan Carlos;Ciencias;Matemáticas (Móstoles);11,753
Universidad Rey Juan Carlos;Ciencias;Nanociencia y Nanotecnología (Móstoles);10,214
Universidad Rey Juan Carlos;Ciencias Sociales y Jurídicas;Administración y Direccion de Empresas (Móstoles);8,838
Universidad Rey Juan Carlos;Ciencias Sociales y Jurídicas;Administración y Dirección de Empresas (A Distancia) (Vicalvaro);8,140
Universidad Rey Juan Carlos;Ciencias Sociales y Jurídicas;Administración y Dirección de Empresas (Fuenlabrada);8,714
Universidad Rey Juan Carlos;Ciencias Sociales y Jurídicas;Administración y Dirección de Empresas (Inglés) (Vicalvaro);8,925
Universidad Rey Juan Carlos;Ciencias Sociales y Jurídicas;Administración y Dirección de Empresas (Vicalvaro);8,450
Universidad Rey Juan Carlos;Ciencias Sociales y Jurídicas;Ciencia Política y Gestión Pública (Fuenlabrada);7,441
Universidad Rey Juan Carlos;Ciencias Sociales y Jurídicas;Ciencia Política y Gestión Pública (Vicalvaro);7,427
Universidad Rey Juan Carlos;Ciencias Sociales y Jurídicas;Ciencia, Gestión e Ingeniería de Servicios (Madrid);8,080
Universidad Rey Juan Carlos;Ciencias Sociales y Jurídicas;Ciencia, Gestión e Ingeniería de Servicios (Semipresencial) (Vicalvaro);7,200
Universidad Rey Juan Carlos;Ciencias Sociales y Jurídicas;Ciencias de la Actividad Física y del Deporte (Fuenlabrada);10,625
Universidad Rey Juan Carlos;Ciencias Sociales y Jurídicas;Comunicación Audiovisual (Fuenlabrada);8,560
Universidad Rey Juan Carlos;Ciencias Sociales y Jurídicas;Comunicación Audiovisual (Vicalvaro);9,115
Universidad Rey Juan Carlos;Ciencias Sociales y Jurídicas;Comunicación Digital (Fuenlabrada);9,138
Universidad Rey Juan Carlos;Ciencias Sociales y Jurídicas;Contabilidad y Finanzas (A Distancia) (Vicálvaro);7,920
Universidad Rey Juan Carlos;Ciencias Sociales y Jurídicas;Contabilidad y Finanzas (Fuenlabrada);8,300
Universidad Rey Juan Carlos;Ciencias Sociales y Jurídicas;Contabilidad y Finanzas (Móstoles);8,288
Universidad Rey Juan Carlos;Ciencias Sociales y Jurídicas;Contabilidad y Finanzas (Vicalvaro);9,039
Universidad Rey Juan Carlos;Ciencias Sociales y Jurídicas;Criminología (Alcorcón);10,087
Universidad Rey Juan Carlos;Ciencias Sociales y Jurídicas;Criminología (Vicalvaro);10,461
Universidad Rey Juan Carlos;Ciencias Sociales y Jurídicas;Derecho (Fuenlabrada);9,166
Universidad Rey Juan Carlos;Ciencias Sociales y Jurídicas;Derecho (Móstoles);8,889
Universidad Rey Juan Carlos;Ciencias Sociales y Jurídicas;Derecho (Semipresencial) (Vicalvaro);8,111
Universidad Rey Juan Carlos;Ciencias Sociales y Jurídicas;Derecho (Vicalvaro);8,723
Universidad Rey Juan Carlos;Ciencias Sociales y Jurídicas;Dirección y Gestión de Empresas en el Ámbito Digital (Vicálvaro);9,903
Universidad Rey Juan Carlos;Ciencias Sociales y Jurídicas;Economía (Fuenlabrada);9,078
Universidad Rey Juan Carlos;Ciencias Sociales y Jurídicas;Economía (Inglés) (Madrid);6,989
Universidad Rey Juan Carlos;Ciencias Sociales y Jurídicas;Economía (Móstoles);8,365
Universidad Rey Juan Carlos;Ciencias Sociales y Jurídicas;Economía (Vicalvaro);8,475
Universidad Rey Juan Carlos;Ciencias Sociales y Jurídicas;Economía Financiera y Actuarial (Móstoles);8,805
Universidad Rey Juan Carlos;Ciencias Sociales y Jurídicas;Economía Financiera y Actuarial (Vicalvaro);9,564
Universidad Rey Juan Carlos;Ciencias Sociales y Jurídicas;Educación Infantil (Fuenlabrada);9,140
Universidad Rey Juan Carlos;Ciencias Sociales y Jurídicas;Educación Infantil (Inglés) (Vicalvaro);5,000
Universidad Rey Juan Carlos;Ciencias Sociales y Jurídicas;Educación Infantil (Móstoles);8,910
Universidad Rey Juan Carlos;Ciencias Sociales y Jurídicas;Educación Infantil (Semipresencial) (Vicalvaro);8,670
Universidad Rey Juan Carlos;Ciencias Sociales y Jurídicas;Educación Primaria (Semipresencial) (Vicalvaro);9,014
Universidad Rey Juan Carlos;Ciencias Sociales y Jurídicas;Educación Primaria y Educación Primaria mención Educación Física (Fuenlabrada);9,564
Universidad Rey Juan Carlos;Ciencias Sociales y Jurídicas;Educación Primaria y Educación Primaria mención Educación Musical, Educación Física, Ciencias y Matemáticas (Móstoles);9,750
Universidad Rey Juan Carlos;Ciencias Sociales y Jurídicas;Educación Primaria y Educación Primaria mención Lengua Extranjera Inglés (Vicalvaro);8,524
Universidad Rey Juan Carlos;Ciencias Sociales y Jurídicas;Gastronomía (Aranjuez);5,000
Universidad Rey Juan Carlos;Ciencias Sociales y Jurídicas;Inteligencia, Seguridad y Diplomacia (Madrid-Quintana);7,303
Universidad Rey Juan Carlos;Ciencias Sociales y Jurídicas;Lengua de Signos Española y Comunidad Sorda (Alcorcón);5,000
Universidad Rey Juan Carlos;Ciencias Sociales y Jurídicas;Lengua de Signos Española y Comunidad Sorda (Madrid-Quintana);5,000
Universidad Rey Juan Carlos;Ciencias Sociales y Jurídicas;Marketing (Aranjuez);8,330
Universidad Rey Juan Carlos;Ciencias Sociales y Jurídicas;Marketing (Fuenlabrada);10,199
Universidad Rey Juan Carlos;Ciencias Sociales y Jurídicas;Marketing (Inglés) (Vicalvaro);9,458
Universidad Rey Juan Carlos;Ciencias Sociales y Jurídicas;Marketing (Móstoles);9,728
Universidad Rey Juan Carlos;Ciencias Sociales y Jurídicas;Marketing (Vicalvaro);10,624
Universidad Rey Juan Carlos;Ciencias Sociales y Jurídicas;Periodismo (Fuenlabrada);7,930
Universidad Rey Juan Carlos;Ciencias Sociales y Jurídicas;Periodismo (Semipresencial) (Fuenlabrada);7,000
Universidad Rey Juan Carlos;Ciencias Sociales y Jurídicas;Periodismo (Vicalvaro);7,352
Universidad Rey Juan Carlos;Ciencias Sociales y Jurídicas;Protocolo, Organización de Eventos y Com. Corporativa (Inglés) (Madrid);7,770
Universidad Rey Juan Carlos;Ciencias Sociales y Jurídicas;Protocolo, Organización de Eventos y Com. Corporativa (Vicalvaro);9,625
Universidad Rey Juan Carlos;Ciencias Sociales y Jurídicas;Publicidad y Relaciones Públicas (Fuenlabrada);10,311
Universidad Rey Juan Carlos;Ciencias Sociales y Jurídicas;Publicidad y Relaciones Públicas (Semipresencial) (Fuenlabrada);8,889
Universidad Rey Juan Carlos;Ciencias Sociales y Jurídicas;Publicidad y Relaciones Públicas (Vicalvaro);10,064
Universidad Rey Juan Carlos;Ciencias Sociales y Jurídicas;Relaciones Internacionales (Aranjuez);10,116
Universidad Rey Juan Carlos;Ciencias Sociales y Jurídicas;Relaciones Internacionales (Fuenlabrada);10,992
Universidad Rey Juan Carlos;Ciencias Sociales y Jurídicas;Relaciones Internacionales (Inglés) (Vicalvaro);10,632
Universidad Rey Juan Carlos;Ciencias Sociales y Jurídicas;Relaciones Laborales y Recursos Humanos (Alcorcón);7,540
Universidad Rey Juan Carlos;Ciencias Sociales y Jurídicas;Relaciones Laborales y Recursos Humanos (Vicalvaro);7,328
Universidad Rey Juan Carlos;Ciencias Sociales y Jurídicas;Trabajo Social (Alcorcón);8,710
Universidad Rey Juan Carlos;Ciencias Sociales y Jurídicas;Turismo (Fuenlabrada);5,000
Universidad Rey Juan Carlos;Ciencias Sociales y Jurídicas;Turismo (Inglés) (Vicalvaro);5,000
Universidad Rey Juan Carlos;Ciencias Sociales y Jurídicas;Turismo (Semipresencial) (Vicalvaro);5,000
Universidad Rey Juan Carlos;Ciencias Sociales y Jurídicas;Turismo (Vicalvaro);5,000
Universidad Rey Juan Carlos;Ciencias de la Salud;Enfermería (Alcorcón);11,675
Universidad Rey Juan Carlos;Ciencias de la Salud;Farmacia (Alcorcón);11,778
Universidad Rey Juan Carlos;Ciencias de la Salud;Fisioterapia (Alcorcón);10,954
Universidad Rey Juan Carlos;Ciencias de la Salud;Medicina (Alcorcón);12,932
Universidad Rey Juan Carlos;Ciencias de la Salud;Odontología (Alcorcón);12,590
Universidad Rey Juan Carlos;Ciencias de la Salud;Psicología (Alcorcón);10,989
Universidad Rey Juan Carlos;Ciencias de la Salud;Terapia Ocupacional (Alcorcón);9,128
Universidad Rey Juan Carlos;Dobles Grados;ADE (A distancia) (Vicálvaro) - Ciencia, Gestión e Ingeniería de Servicios (Presencial) (Madrid);8,200
Universidad Rey Juan Carlos;Dobles Grados;ADE (Presencial) - Ciencia, Gestión e Ingeniería de Servicios (Semipresencial) (Vicalvaro);10,239
Universidad Rey Juan Carlos;Dobles Grados;Administración y Dirección de Empresas - Derecho (Fuenlabrada);7,636
Universidad Rey Juan Carlos;Dobles Grados;Administración y Dirección de Empresas - Derecho (Madrid);8,536
Universidad Rey Juan Carlos;Dobles Grados;Administración y Dirección de Empresas - Derecho (Móstoles);8,461
Universidad Rey Juan Carlos;Dobles Grados;Administración y Dirección de Empresas - Derecho (Vicalvaro);9,289
Universidad Rey Juan Carlos;Dobles Grados;Administración y Dirección de Empresas - Marketing (Vicálvaro);12,014
Universidad Rey Juan Carlos;Dobles Grados;Bellas Artes (Presencial) (Aranjuez) - Turismo (Semipresencial) (Vicalvaro);8,461
Universidad Rey Juan Carlos;Dobles Grados;Bellas Artes - Diseño Integral y Gestión de la Imagen (Aranjuez);11,685
Universidad Rey Juan Carlos;Dobles Grados;Ciencia Política y Gestión Pública - Derecho (Fuenlabrada);8,903
Universidad Rey Juan Carlos;Dobles Grados;Ciencia Política y Gestión Pública - Derecho (Vicalvaro);9,937
Universidad Rey Juan Carlos;Dobles Grados;Ciencia Política y Gestión Pública - Economía (Fuenlabrada);8,189
Universidad Rey Juan Carlos;Dobles Grados;Ciencia Política y Gestión Pública - Economía (Vicalvaro);10,025
Universidad Rey Juan Carlos;Dobles Grados;Ciencia Política y Gestión Pública - Periodismo (Fuenlabrada);8,775
Universidad Rey Juan Carlos;Dobles Grados;Ciencia Política y Gestión Pública - Periodismo (Vicalvaro);10,164
Universidad Rey Juan Carlos;Dobles Grados;Ciencia, Gestión e Ingeniería de Servicios (Semipresencial) - Marketing (Presencial) (Vicalvaro);10,161
Universidad Rey Juan Carlos;Dobles Grados;Ciencia, Gestión e Ingeniería de Servicios (Semipresencial) - Turismo (Presencial) (Vicalvaro);6,431
Universidad Rey Juan Carlos;Dobles Grados;Comunicación Audiovisual - ADE (Fuenlabrada);8,339
Universidad Rey Juan Carlos;Dobles Grados;Contabilidad y Finanzas - Relaciones Laborales y RR.HH. (Vicalvaro);9,389
Universidad Rey Juan Carlos;Dobles Grados;Criminología - Derecho (Vicalvaro);12,433
Universidad Rey Juan Carlos;Dobles Grados;Criminología - Ingeniería Informática (Vicalvaro);10,867
Universidad Rey Juan Carlos;Dobles Grados;Criminología - Psicología (Alcorcón);12,314
Universidad Rey Juan Carlos;Dobles Grados;Criminología - Trabajo Social (Alcorcón);10,500
Universidad Rey Juan Carlos;Dobles Grados;Derecho (Semipresencial) - Relac. Internac. (Inglés) (Presencial) (Vicalvaro);12,330
Universidad Rey Juan Carlos;Dobles Grados;Derecho - Periodismo (Vicalvaro);11,378
Universidad Rey Juan Carlos;Dobles Grados;Derecho - Relaciones Internacionales (Fuenlabrada);13,161
Universidad Rey Juan Carlos;Dobles Grados;Derecho - Relaciones Internacionales (Inglés) (Vicálvaro);13,061
Universidad Rey Juan Carlos;Dobles Grados;Derecho - Relaciones Laborales y Recursos Humanos (Vicalvaro);9,025
Universidad Rey Juan Carlos;Dobles Grados;Diseño y Desarrollo de Videojuegos - Ing. de Computadores (Móstoles);11,102
Universidad Rey Juan Carlos;Dobles Grados;Diseño y Gestión de Moda - Bellas Artes (Aranjuez);11,503
Universidad Rey Juan Carlos;Dobles Grados;Diseño y Gestión de Moda - Diseño Integral y Gest de la Imagen (Aranjuez);10,690
Universidad Rey Juan Carlos;Dobles Grados;Economía - Derecho (Fuenlabrada);10,475
Universidad Rey Juan Carlos;Dobles Grados;Economía - Derecho (Móstoles);11,078
Universidad Rey Juan Carlos;Dobles Grados;Economía - Derecho (Vicalvaro);11,728
Universidad Rey Juan Carlos;Dobles Grados;Economía - Historia (Fuenlabrada);6,689
Universidad Rey Juan Carlos;Dobles Grados;Economía - Matemáticas (Móstoles);12,489
Universidad Rey Juan Carlos;Dobles Grados;Economía - Periodismo (Vicalvaro);10,403
Universidad Rey Juan Carlos;Dobles Grados;Economía Financiera y Actuarial - ADE (Móstoles);11,153
Universidad Rey Juan Carlos;Dobles Grados;Economía Financiera y Actuarial - ADE (Vicalvaro);11,287
Universidad Rey Juan Carlos;Dobles Grados;Economía Financiera y Actuarial - Economía (Móstoles);10,036
Universidad Rey Juan Carlos;Dobles Grados;Economía Financiera y Actuarial - Economía (Vicalvaro);10,378
Universidad Rey Juan Carlos;Dobles Grados;Educación Infantil - Educación Primaria (Fuenlabrada);11,961
Universidad Rey Juan Carlos;Dobles Grados;Filosofía - Ciencia Política y Gestión Pública (Fuenlabrada);5,000
Universidad Rey Juan Carlos;Dobles Grados;Filosofía - Economía (Fuenlabrada);5,000
Universidad Rey Juan Carlos;Dobles Grados;Fundamentos de la Arquitectura - Paisajismo (Fuenlabrada);10,185
Universidad Rey Juan Carlos;Dobles Grados;Historia (Presencial) (Fuenlabrada) - Turismo (Semipresencial) (Vicálvaro);5,000
Universidad Rey Juan Carlos;Dobles Grados;Historia - Turismo (Fuenlabrada);5,000
Universidad Rey Juan Carlos;Dobles Grados;Ingeniería Ambiental - Ingeniería en Organización Industrial (Móstoles);9,903
Universidad Rey Juan Carlos;Dobles Grados;Ingeniería Informática (Presencial) - Administración y Dirección de Empresas (A distancia) (Vicalvaro);10,589
Universidad Rey Juan Carlos;Dobles Grados;Ingeniería Informática - ADE (Móstoles);11,678
Universidad Rey Juan Carlos;Dobles Grados;Ingeniería Informática - Ingeniería de Computadores (Móstoles);9,849
Universidad Rey Juan Carlos;Dobles Grados;Ingeniería Informática - Ingeniería del Software (Móstoles);11,323
Universidad Rey Juan Carlos;Dobles Grados;Ingeniería Informática - Matemáticas (Móstoles);13,089
Universidad Rey Juan Carlos;Dobles Grados;Ingeniería Química - Ingeniería Ambiental (Móstoles);10,439
Universidad Rey Juan Carlos;Dobles Grados;Ingeniería Química - Ingeniería de la Energía (Móstoles);10,825
Universidad Rey Juan Carlos;Dobles Grados;Ingeniería Química - Ingeniería en Organización Industrial (Móstoles);11,103
Universidad Rey Juan Carlos;Dobles Grados;Ingeniería de Materiales - Ingeniería de la Energía (Móstoles);9,914
Universidad Rey Juan Carlos;Dobles Grados;Ingeniería de Materiales - Ingeniería en Organización Industrial (Móstoles);10,478
Universidad Rey Juan Carlos;Dobles Grados;Ingeniería de la Energia - Ingeniería en Organización Industrial (Móstoles);10,814
Universidad Rey Juan Carlos;Dobles Grados;Ingeniería de la Energía - Ingeniería Ambiental (Móstoles);10,373
Universidad Rey Juan Carlos;Dobles Grados;Ingeniería del Software - Matemáticas (Móstoles);12,604
Universidad Rey Juan Carlos;Dobles Grados;Ingeniería en Tecnología de Telecomunicación (Mención Sistema de Telecomunicación) - Ingeniería Aeroespacial (Mención Aeronavegación);12,089
Universidad Rey Juan Carlos;Dobles Grados;Periodismo - Comunicación Audiovisual (Fuenlabrada);8,936
Universidad Rey Juan Carlos;Dobles Grados;Periodismo - Comunicación Audiovisual (Vicalvaro);8,553
Universidad Rey Juan Carlos;Dobles Grados;Publicidad y Relaciones Públicas - ADE (Fuenlabrada);10,046
Universidad Rey Juan Carlos;Dobles Grados;Publicidad y Relaciones Públicas - Marketing (Fuenlabrada);12,329
Universidad Rey Juan Carlos;Dobles Grados;Relaciones Internacionales (inglés) - Protocolo, Organización de Eventos y Comunicación Corporativa (Vicalvaro);12,369
Universidad Rey Juan Carlos;Dobles Grados;Relaciones Internacionales - Ciencia Política y Gestión Pública (Fuenlabrada);12,267
Universidad Rey Juan Carlos;Dobles Grados;Relaciones Internacionales - Economia (Fuenlabrada);11,492
Universidad Rey Juan Carlos;Dobles Grados;Relaciones Internacionales - Periodismo (Fuenlabrada);12,216
Universidad Rey Juan Carlos;Dobles Grados;Relaciones Laborales y RR.HH - Trabajo Social (Alcorcón);8,760
Universidad Rey Juan Carlos;Dobles Grados;Turismo (Semipresencial) - Marketing (Presencial) (Vicálvaro);9,289
Universidad Rey Juan Carlos;Dobles Grados;Turismo - Administración y Dirección de Empresas (Fuenlabrada);5,000
Universidad Rey Juan Carlos;Dobles Grados;Turismo - Administración y Dirección de Empresas (Vicalvaro);7,653
Universidad Rey Juan Carlos;Dobles Grados;Turismo - Marketing (Vicalvaro);10,177
Universidad Rey Juan Carlos;Ingeniería y Arquitectura;Ciencia e Ingeniería de Datos (Fuenlabrada);10,403
Universidad Rey Juan Carlos;Ingeniería y Arquitectura;Diseño y Desarrollo de Videojuegos (Madrid);9,489
Universidad Rey Juan Carlos;Ingeniería y Arquitectura;Diseño y Desarrollo de Videojuegos (Móstoles);9,404
Universidad Rey Juan Carlos;Ingeniería y Arquitectura;Fundamentos de la Arquitectura (Fuenlabrada);10,428
Universidad Rey Juan Carlos;Ingeniería y Arquitectura;Ingeniería Aeroespacial (Fuenlabrada);12,114
Universidad Rey Juan Carlos;Ingeniería y Arquitectura;Ingeniería Ambiental (Móstoles);7,848
Universidad Rey Juan Carlos;Ingeniería y Arquitectura;Ingeniería Biomédica (Fuenlabrada);12,339
Universidad Rey Juan Carlos;Ingeniería y Arquitectura;Ingeniería Biomédica (inglés) (Fuenlabrada);12,139
Universidad Rey Juan Carlos;Ingeniería y Arquitectura;Ingeniería Electrónica Industrial y Automática (Móstoles);10,075
Universidad Rey Juan Carlos;Ingeniería y Arquitectura;Ingeniería Informática (Móstoles);10,503
Universidad Rey Juan Carlos;Ingeniería y Arquitectura;Ingeniería Informática (Vicalvaro);10,036
Universidad Rey Juan Carlos;Ingeniería y Arquitectura;Ingeniería Mecánica (Móstoles);11,378
Universidad Rey Juan Carlos;Ingeniería y Arquitectura;Ingeniería Química (Móstoles);10,481
Universidad Rey Juan Carlos;Ingeniería y Arquitectura;Ingeniería de Computadores (Móstoles);9,186
Universidad Rey Juan Carlos;Ingeniería y Arquitectura;Ingeniería de Materiales (Móstoles);9,525
Universidad Rey Juan Carlos;Ingeniería y Arquitectura;Ingeniería de Robótica Software (Fuenlabrada);9,814
Universidad Rey Juan Carlos;Ingeniería y Arquitectura;Ingeniería de la Ciberseguridad (Móstoles);10,803
Universidad Rey Juan Carlos;Ingeniería y Arquitectura;Ingeniería de la Energía (Móstoles);10,040
Universidad Rey Juan Carlos;Ingeniería y Arquitectura;Ingeniería del Software (Móstoles);9,986
Universidad Rey Juan Carlos;Ingeniería y Arquitectura;Ingeniería en Organización Industrial (Móstoles);11,257
Universidad Rey Juan Carlos;Ingeniería y Arquitectura;Ingeniería en Organización Industrial (Vicalvaro);10,950
Universidad Rey Juan Carlos;Ingeniería y Arquitectura;Ingeniería en Tecnologías Industriales (Móstoles);10,952
Universidad Rey Juan Carlos;Ingeniería y Arquitectura;Ingeniería en Tecnologías de la Telecomunicación (Fuenlabrada);8,150
Universidad Rey Juan Carlos;Ingeniería y Arquitectura;Inteligencia Artificial (Móstoles);10,428
Universidad de Alcalá;Artes y Humanidades;Estudios Hispánicos;5,000
Universidad de Alcalá;Artes y Humanidades;Estudios Ingleses;6,864
Universidad de Alcalá;Artes y Humanidades;Historia;5,710
Universidad de Alcalá;Artes y Humanidades;Humanidades;5,000
Universidad de Alcalá;Artes y Humanidades;Lenguas Modernas y Traducción;5,659
Universidad de Alcalá;Artes y Humanidades;Lenguas Modernas y Traducción (Guadalajara);5,000
Universidad de Alcalá;Centros adscritos;Educación Social;5,000
Universidad de Alcalá;Centros adscritos;Magisterio de Educación Infantil;5,336
Universidad de Alcalá;Centros adscritos;Magisterio de Educación Infantil (bilingüe) (docencia en inglés);5,000
Universidad de Alcalá;Centros adscritos;Magisterio de Educación Infantil (semipresencial);5,000
Universidad de Alcalá;Centros adscritos;Magisterio de Educación Primaria;7,140
Universidad de Alcalá;Centros adscritos;Magisterio de Educación Primaria (Semipresencial);5,000
Universidad de Alcalá;Centros adscritos;Magisterio de Educación Primaria (bilingüe) (docencia en inglés);5,000
Universidad de Alcalá;Centros adscritos;Psicología;9,199
Universidad de Alcalá;Ciencias;Biología;9,700
Universidad de Alcalá;Ciencias;Ciencias Ambientales;7,106
Universidad de Alcalá;Ciencias;Criminalística: Ciencias y Tecnologías Forenses;11,636
Universidad de Alcalá;Ciencias;Física e Instrumentación Espacial;11,830
Universidad de Alcalá;Ciencias;Química;9,864
Universidad de Alcalá;Ciencias Sociales y Jurídicas;Administración y Dirección de Empresas;9,225
Universidad de Alcalá;Ciencias Sociales y Jurídicas;Administración y Dirección de Empresas (Guadalajara);7,882
Universidad de Alcalá;Ciencias Sociales y Jurídicas;Comunicación Audiovisual (Guadalajara);7,890
Universidad de Alcalá;Ciencias Sociales y Jurídicas;Derecho;8,328
Universidad de Alcalá;Ciencias Sociales y Jurídicas;Economía;7,664
Universidad de Alcalá;Ciencias Sociales y Jurídicas;Economía y Negocios Internacionales;11,203
Universidad de Alcalá;Ciencias Sociales y Jurídicas;Economía y Negocios Internaciones (docencia en inglés);10,428
Universidad de Alcalá;Ciencias Sociales y Jurídicas;Finanzas;7,541
Universidad de Alcalá;Ciencias Sociales y Jurídicas;Magisterio de Educación Infantil (Guadalajara);8,253
Universidad de Alcalá;Ciencias Sociales y Jurídicas;Magisterio de Educación Primaria (Guadalajara);8,700
Universidad de Alcalá;Ciencias Sociales y Jurídicas;Magisterio de Educación Primaria (bilingüe) (docencia en inglés) (Guadalajara);5,561
Universidad de Alcalá;Ciencias Sociales y Jurídicas;Turismo (Guadalajara);5,000
Universidad de Alcalá;Ciencias de la Salud;Biología Sanitaria;11,839
Universidad de Alcalá;Ciencias de la Salud;Ciencias de la Actividad Física y del Deporte;10,325
Universidad de Alcalá;Ciencias de la Salud;Enfermería;11,426
Universidad de Alcalá;Ciencias de la Salud;Enfermería (Guadalajara);11,100
Universidad de Alcalá;Ciencias de la Salud;Enfermería (Torrejón de Ardoz);11,303
Universidad de Alcalá;Ciencias de la Salud;Farmacia;11,220
Universidad de Alcalá;Ciencias de la Salud;Fisioterapia;10,850
Universidad de Alcalá;Ciencias de la Salud;Fisioterapia (Torrejón de Ardoz);10,550
Universidad de Alcalá;Ciencias de la Salud;Medicina;12,871
Universidad de Alcalá;Dobles Grados;Derecho - Administración y Dirección de Empresas;9,516
Universidad de Alcalá;Dobles Grados;Estudios Ingleses - Lenguas Modernas y Traducción;9,334
Universidad de Alcalá;Dobles Grados;Humanidades - Magisterio en Educación Primaria;9,489
Universidad de Alcalá;Dobles Grados;Ingeniería Electrónica de Comunicaciones - Ing. Electrónica y Automática Industrial;8,987
Universidad de Alcalá;Dobles Grados;Ingeniería Informática - Administración y Dirección de Empresas;10,436
Universidad de Alcalá;Dobles Grados;Magisterio de Educación Infantil - Magisterio de Educación Primaria (Guadalajara);9,360
Universidad de Alcalá;Dobles Grados;Turismo - Admón. y Dirección de Empresas (Guadalajara);5,000
Universidad de Alcalá;Ingeniería y Arquitectura;Arquitectura Técnica y Edificación (Guadalajara);7,707
Universidad de Alcalá;Ingeniería y Arquitectura;Fundamentos de Arquitectura y Urbanismo;10,148
Universidad de Alcalá;Ingeniería y Arquitectura;Ingeniería Electrónica de Comunicaciones;7,504
Universidad de Alcalá;Ingeniería y Arquitectura;Ingeniería Electrónica y Automática Industrial;9,976
Universidad de Alcalá;Ingeniería y Arquitectura;Ingeniería Informática;10,700
Universidad de Alcalá;Ingeniería y Arquitectura;Ingeniería Telemática;7,575
Universidad de Alcalá;Ingeniería y Arquitectura;Ingeniería de Computadores;8,575
Universidad de Alcalá;Ingeniería y Arquitectura;Ingeniería en Sistemas de Información;8,139
Universidad de Alcalá;Ingeniería y Arquitectura;Ingeniería en Sistemas de Telecomunicación;7,800
Universidad de Alcalá;Ingeniería y Arquitectura;Ingeniería en Tecnologías Industriales;11,000
Universidad de Alcalá;Ingeniería y Arquitectura;Ingeniería en Tecnologías Industriales + Master Universitario en Ing. Industrial;11,614
Universidad de Alcalá;Ingeniería y Arquitectura;Ingeniería en Tecnologías de Telecomunicación;8,003
Universidad de Alcalá;Ingeniería y Arquitectura;Ingeniería en Tecnologías de Telecomunicación + Master Universitario en Ingeniería de Telecomunicaciones;8,553
Universidad de Alcalá;Ingeniería y Arquitectura;Matemáticas y Computación (Guadalajara);10,064
